<?xml version="1.0" encoding="UTF-8"?>
<!DOCTYPE mapper PUBLIC "-//mybatis.org//DTD Mapper 3.0//EN"
"http://mybatis.org/dtd/mybatis-3-mapper.dtd">
	
<mapper namespace="com.oracle.mapper.MemberMapper">
	<select id="selectMemberCountByUserName" resultType="int">
        select count(id) from tb_user where username = #{userName}
    </select>

    <insert id="insertMember" parameterType="com.oracle.pojo.Member" >
        insert into tb_user(id,username,password) values(null,#{userName},#{pwd})
    </insert>

    <select id="selectMemberByUserName" resultType="com.oracle.pojo.Member">
        select id as id,username as userName,password as pwd from tb_user where username = #{username}
    </select>

    <update id="changePassword" parameterType="String">
        update tb_user
        <set>
            password = #{password}
        </set>
        where username = #{username}
    </update>

    <select id="getOldPassword" parameterType="String" resultType="String">
        select password from tb_user where username = #{username}
    </select>

    <update id="addLoginCount" parameterType="String">
        update tb_user
        <set>
            count = count + 1
        </set>
        where username = #{username}
    </update>

    <update id="clearLoginCount" parameterType="String">
        update tb_user
        <set>
            count = 0
        </set>
        where username = #{username}
    </update>

    <select id="selectLoginCount" parameterType="String" resultType="Integer">
        select count from tb_user where username = #{username}
    </select>

    <insert id="InsertComment" parameterType="com.oracle.pojo.Message">
        insert into chatbox(id,username,comment,time) values(null,#{username},#{comment},#{time})
    </insert>

    <select id="getAllComment" resultType="com.oracle.pojo.Message">
        select * from chatbox order by id asc;
    </select>

    <select id="getAllUsers" resultType="com.oracle.pojo.User">
        select * from tb_user order by id asc;
    </select>

    <select id="getPrivateMessage" parameterType="com.oracle.pojo.PrivateUser" resultType="com.oracle.pojo.PrivateMessage">
        select id as id, send_username as sendUsername,receive_username as receiveUsername, comment as comment,time as time from private_chat where (send_username = #{user1} and receive_username = #{user2}) or (send_username = #{user2} and receive_username = #{user1})
    </select>

    <insert id="addPrivateMessage" parameterType="com.oracle.pojo.PrivateMessage">
        insert into private_chat(id,send_username,receive_username,comment,time) values(null,#{sendUsername},#{receiveUsername},#{comment},#{time})
    </insert>
</mapper>
